id,title,Content
1,Introduccion a FastAPI,"FastAPI es un framework web moderno y de alto rendimiento para construir APIs con Python. Esta basado en Starlette para las partes web y Pydantic para las partes de datos. Es uno de los frameworks mas rapidos disponibles, comparable con NodeJS y Go. Ofrece documentacion automatica interactiva, validacion de datos integrada y soporte para asincronia."
2,Python: Mejores Practicas,"Escribir codigo Python de calidad implica seguir las guias de estilo PEP 8, usar tipado estatico con mypy, aprovechar las list comprehensions y generadores, manejar excepciones correctamente, y escribir pruebas unitarias con pytest. Ademas, es importante mantener una arquitectura limpia y modular."
3,Django vs FastAPI,"Django es el framework web full-stack por excelencia en Python, ideal para aplicaciones grandes con admin integrado, ORM y autenticacion. FastAPI es mas ligero y orientado a APIs, con mayor rendimiento y facilidad para aplicaciones asincronas. La eleccion depende del proyecto: Django para aplicaciones complejas con frontend integrado, FastAPI para APIs puras y microservicios."
4,Pydantic: Validacion de Datos,"Pydantic utiliza tipos de Python para validar datos en tiempo de ejecucion. Permite definir modelos con campos tipados, validaciones personalizadas, y serializacion automatica a JSON. Es la base de FastAPI y se usa ampliamente en configuraciones, lectura de variables de entorno y parsing de datos."
5,REST API con FastAPI,"Construir una REST API con FastAPI es sencillo: defines rutas con decoradores, usas Pydantic para los modelos de datos, y automaticamente obtienes documentacion interactiva en /docs. Incluye manejo de errores, dependencias, autenticacion JWT, y core a bases de datos con SQLAlchemy o Tortoise-ORM."
6,SQLAlchemy ORM Avanzado,"SQLAlchemy es el ORM mas potente de Python. Permite mapear objetos a tablas de base de datos, escribir consultas complejas, y manejar relaciones entre tablas. Incluye soporte para migraciones con Alembic y funciona con multiples bases de datos como PostgreSQL, MySQL y SQLite."
7,Autenticacion JWT en APIs,JWT (JSON Web Tokens) es un estandar para autenticacion en APIs. Se basa en tokens firmados que contienen informacion del usuario y expiran en un tiempo determinado. En FastAPI se integra facilmente con OAuth2PasswordBearer y la libreria python-jose para crear y verificar tokens.
8,Que es pydantic,"Pydantic es la librería de validación de datos y gestión de configuraciones más utilizada en el ecosistema de Python moderno. Es la columna vertebral de FastAPI, encargándose de transformar los datos que viajan en tus peticiones web en objetos estructurados y seguros."
9,Que es pydantic,"Pydantic es la librería de validación de datos y gestión de configuraciones más utilizada en el ecosistema de Python moderno. Es la columna vertebral de FastAPI, encargándose de transformar los datos que viajan en tus peticiones web en objetos estructurados y seguros."
